,Price,Returns,Realized_Volatility
2023-11-17 01:50:27.900680,34516.005550041766,0.02431391973158159,0.024257594501627473
2023-11-18 01:50:27.900680,34067.33181674305,-0.0129990051325094,0.025929055828206583
2023-11-19 01:50:27.900680,34661.0200894616,0.017426908450363987,0.02587724952265049
2023-11-20 01:50:27.900680,34216.67794415938,-0.012819649974390557,0.023624022718794876
2023-11-21 01:50:27.900680,33775.68928500556,-0.012888120228197075,0.02441641947491808
2023-11-22 01:50:27.900680,34055.79332843422,0.008293066680744587,0.023770104109629157
2023-11-23 01:50:27.900680,32188.25880233468,-0.05483749880935174,0.02645675975624938
2023-11-24 01:50:27.900680,30595.539109994428,-0.04948138705237226,0.026961852094288804
2023-11-25 01:50:27.900680,30113.86183228833,-0.015743382588370602,0.02691800053996267
2023-11-26 01:50:27.900680,29241.84285770542,-0.028957394419865667,0.02230084449519955
2023-11-27 01:50:27.900680,29548.355122888668,0.010481974979305475,0.02569040825317433
2023-11-28 01:50:27.900680,28783.06967669014,-0.02589942631377562,0.025522460592907123
2023-11-29 01:50:27.900680,27616.63323926909,-0.04052508820369782,0.022224314051123684
2023-11-30 01:50:27.900680,28886.88563481534,0.0459959179144267,0.03297569754617039
2023-12-01 01:50:27.900680,28720.593782662952,-0.005756655606790839,0.029259891521309745
2023-12-02 01:50:27.900680,28807.62949244393,0.003030428633878701,0.02935935440640779
2023-12-03 01:50:27.900680,27629.880651616717,-0.04088322647776799,0.03120515357105654
2023-12-04 01:50:27.900680,27209.50437092008,-0.015214552896450462,0.030212163050554693
2023-12-05 01:50:27.900680,27327.51350454413,0.004337055611721263,0.029940872196065074
2023-12-06 01:50:27.900680,26426.418433790903,-0.03297391365677638,0.028639531686596782
2023-12-07 01:50:27.900680,26752.69319838589,0.012346537439889449,0.019990607250485435
2023-12-08 01:50:27.900680,26301.237410084766,-0.016875152903422785,0.019971234035561766
2023-12-09 01:50:27.900680,26098.16943806126,-0.007720852401630451,0.01898300473153641
2023-12-10 01:50:27.900680,25656.93683666902,-0.01690664942763187,0.015048715571809713
2023-12-11 01:50:27.900680,27150.14324879152,0.05819893550146649,0.029653093465082346
2023-12-12 01:50:27.900680,27166.304652700943,0.000595260355031213,0.029596773061923577
2023-12-13 01:50:27.900680,26344.145758586837,-0.03026392086169749,0.02911463981453082
2023-12-14 01:50:27.900680,27029.32601612415,0.0260088242684422,0.030511672640835236
2023-12-15 01:50:27.900680,26083.34833296551,-0.03499819723933639,0.033031445187084105
2023-12-16 01:50:27.900680,26273.55772351175,0.007292368606903299,0.032988999906857525
2023-12-17 01:50:27.900680,24798.24587819623,-0.056151963157821116,0.03934491015129689
2023-12-18 01:50:27.900680,23853.413683711715,-0.03810076725286671,0.02949914978713402
2023-12-19 01:50:27.900680,24018.711575545705,0.006929737354400833,0.03025030096253767
2023-12-20 01:50:27.900680,24581.329047589243,0.02342413206778171,0.03301829246234333
2023-12-21 01:50:27.900680,24732.74864154764,0.006159943332000095,0.0302060918550579
2023-12-22 01:50:27.900680,24671.74774350187,-0.0024664018920766972,0.028573474614792885
2023-12-23 01:50:27.900680,24474.350775956904,-0.00800093165661353,0.02782349406005959
2023-12-24 01:50:27.900680,23435.922676872626,-0.042429239843387756,0.024264507881316087
2023-12-25 01:50:27.900680,22958.188634049995,-0.020384691032202196,0.021320605864482808
2023-12-26 01:50:27.900680,22665.76220440915,-0.012737347632344909,0.020735514608301708
2023-12-27 01:50:27.900680,23419.50400670737,0.033254641758819536,0.023386797262801934
2023-12-28 01:50:27.900680,23685.847750186087,0.011372732035761057,0.02393942537708426
2023-12-29 01:50:27.900680,22488.105472873835,-0.05056784498257372,0.02912677418041353
2023-12-30 01:50:27.900680,22730.53200176974,0.01078021130718776,0.03047469739219569
2023-12-31 01:50:27.900680,22491.929915427303,-0.010496986446417611,0.027023629272465276
2024-01-01 01:50:27.900680,22061.82886332348,-0.019122460976939704,0.02691204738679166
2024-01-02 01:50:27.900680,22492.888736607987,0.019538718931915833,0.02817274958798964
2024-01-03 01:50:27.900680,23222.67538856306,0.03244521681945267,0.02801112327619313
2024-01-04 01:50:27.900680,23904.52071609625,0.029361187551585566,0.030070330217792936
2024-01-05 01:50:27.900680,23333.522643822896,-0.023886614546882234,0.02325979178644121
2024-01-06 01:50:27.900680,23141.20270068124,-0.008242216405870084,0.023650335999910815
2024-01-07 01:50:27.900680,23395.70827103113,0.010997940497811776,0.023023327152356752
2024-01-08 01:50:27.900680,24114.63583283449,0.030729036004160992,0.021674640908985344
2024-01-09 01:50:27.900680,23794.244530899658,-0.013286176252290227,0.023496424167388015
2024-01-10 01:50:27.900680,23685.7583898372,-0.0045593437909564605,0.02121099375146686
2024-01-11 01:50:27.900680,22935.4536227937,-0.031677464351972495,0.02112183477955844
2024-01-12 01:50:27.900680,22149.118697080623,-0.03428469035954018,0.02290416081664171
2024-01-13 01:50:27.900680,22718.361687524197,0.02570048037706374,0.026024426528795976
2024-01-14 01:50:27.900680,23685.444024740424,0.04256831326650201,0.030984131700770367
2024-01-15 01:50:27.900680,23657.977655393763,-0.0011596307554112562,0.02831459646284135
2024-01-16 01:50:27.900680,24405.447524362145,0.0315948336690548,0.030436761923379737
2024-01-17 01:50:27.900680,24696.349700979,0.011919559201955643,0.030299018682600723
2024-01-18 01:50:27.900680,24247.217164343896,-0.01818619116076492,0.027800788024959503
2024-01-19 01:50:27.900680,24536.056335758007,0.011912260671251618,0.020539881750675674
2024-01-20 01:50:27.900680,25720.409477973983,0.048269906378146876,0.023996986957388434
2024-01-21 01:50:27.900680,25718.48614749085,-7.477837725633485e-05,0.022096942459232844
2024-01-22 01:50:27.900680,26981.44340303996,0.04910698274798442,0.025061512342880617
2024-01-23 01:50:27.900680,24967.050990801614,-0.07465843773248204,0.042457344392738995
2024-01-24 01:50:27.900680,25615.92095179811,0.025989050979050576,0.04321865703294053
2024-01-25 01:50:27.900680,25708.59784381771,0.003617941052909801,0.04194771327292696
2024-01-26 01:50:27.900680,25504.509046640294,-0.007938542522516245,0.042399683738289146
2024-01-27 01:50:27.900680,25600.402785929888,0.0037598739546105264,0.03819043390996069
2024-01-28 01:50:27.900680,24142.67491039441,-0.056941599228925166,0.043833403430089075
2024-01-29 01:50:27.900680,24008.09010161471,-0.005574560784138871,0.03612268719111756
2024-01-30 01:50:27.900680,24290.959358451968,0.011782247385777378,0.026097376455734258
2024-01-31 01:50:27.900680,25417.57997462204,0.046380243758386897,0.03068703916879756
2024-02-01 01:50:27.900680,25050.479098919877,-0.014442794163279538,0.03102072729644909
2024-02-02 01:50:27.900680,24474.65628897456,-0.022986498887765716,0.03190596454680298
2024-02-03 01:50:27.900680,24133.126341063733,-0.013954432858151233,0.031757574628978005
2024-02-04 01:50:27.900680,24829.873309469785,0.02887097836223984,0.0256808633507901
2024-02-05 01:50:27.900680,25101.05884932116,0.010921744806001499,0.025379199274120072
2024-02-06 01:50:27.900680,24730.00353227392,-0.014782456759081186,0.026448011708400086
2024-02-07 01:50:27.900680,25138.869836545968,0.016533208486543716,0.01984335576609883
2024-02-08 01:50:27.900680,25237.413945363627,0.003919989619994846,0.01902971945177759
2024-02-09 01:50:27.900680,26007.551120230717,0.030515692952311158,0.01842283465336646
2024-02-10 01:50:27.900680,25490.99699335885,-0.01986169803084803,0.019730963287806744
2024-02-11 01:50:27.900680,25266.90575015022,-0.00879099563139929,0.01816974205993672
2024-02-12 01:50:27.900680,24996.410179767943,-0.01070552813459047,0.018363830639845983
2024-02-13 01:50:27.900680,23946.610104196403,-0.04199803363849608,0.023938182548337412
2024-02-14 01:50:27.900680,24184.46250260732,0.009932612481515113,0.02309400451551995
2024-02-15 01:50:27.900680,24398.997363178416,0.008870772321194487,0.023495180008116547
2024-02-16 01:50:27.900680,24427.15549271941,0.00115406912513083,0.018213302800062354
2024-02-17 01:50:27.900680,24280.118080933764,-0.006019424235845561,0.017547784548788206
2024-02-18 01:50:27.900680,23294.02074419911,-0.04061336660092263,0.021766400799088755
2024-02-19 01:50:27.900680,23024.925523318,-0.011552115619546832,0.021764640820073927
2024-02-20 01:50:27.900680,22812.209842743046,-0.009238495923017509,0.017133300901898216
2024-02-21 01:50:27.900680,22291.993853108,-0.022804278639429354,0.016256331450212182
2024-02-22 01:50:27.900680,22206.58846637289,-0.0038312134525912978,0.014186152856695678
2024-02-23 01:50:27.900680,22499.89288016318,0.013207990693142158,0.016732235149255245
2024-02-24 01:50:27.900680,23833.594651103784,0.059275916469649026,0.03177125904145323
2024-02-25 01:50:27.900680,23982.717331088275,0.006256827061443149,0.02689690532135857
2024-02-26 01:50:27.900680,24192.91862307924,0.008764698724046838,0.02595922059715811
2024-02-27 01:50:27.900680,24163.098016056545,-0.0012326171755997484,0.025272510063344168
2024-02-28 01:50:27.900680,22834.29237467044,-0.054993181772598265,0.03350838172741333
2024-02-29 01:50:27.900680,22838.96437741691,0.00020460466520311194,0.03338726350530393
2024-03-01 01:50:27.900680,22903.16126554864,0.0028108493481082686,0.03316572165653278
2024-03-02 01:50:27.900680,24684.418409167152,0.07777341839259178,0.038675004672070766
2024-03-03 01:50:27.900680,24566.93374382686,-0.004759466615452568,0.03887007549748868
2024-03-04 01:50:27.900680,24814.98742437873,0.01009705497391189,0.03890008227418915
2024-03-05 01:50:27.900680,24813.9612691592,-4.13522361297769e-05,0.0388745868333373
2024-03-06 01:50:27.900680,23983.02067375108,-0.03348681761830907,0.03392981311376136
2024-03-07 01:50:27.900680,24844.360682417533,0.035914575581764474,0.035304353025186946
2024-03-08 01:50:27.900680,25436.592412748792,0.02383767237570278,0.03522553624740913
2024-03-09 01:50:27.900680,26073.5070139292,0.025039305220033503,0.023357235613567118
2024-03-10 01:50:27.900680,25397.17933939865,-0.02593926755496434,0.026463767387222826
2024-03-11 01:50:27.900680,26515.300601385006,0.04402541113106251,0.030360221445032413
2024-03-12 01:50:27.900680,25448.744650561715,-0.040224169691954414,0.035856108831730675
2024-03-13 01:50:27.900680,25926.668959281043,0.01877987756495414,0.031936044043400405
2024-03-14 01:50:27.900680,27715.33298078875,0.06898934931891487,0.03799851178867232
2024-03-15 01:50:27.900680,26930.775613568803,-0.02830770129169191,0.04125931136521942
2024-03-16 01:50:27.900680,26503.6053748388,-0.015861787453116505,0.0414897615929632
2024-03-17 01:50:27.900680,26609.553796130105,0.003997509764912532,0.03949670121040332
2024-03-18 01:50:27.900680,26236.87980008555,-0.014005270396482694,0.036489642764723086
2024-03-19 01:50:27.900680,25069.35400069297,-0.04449941488045284,0.037283745241016145
2024-03-20 01:50:27.900680,25146.10548992974,0.003061566294634055,0.03631545948295954
2024-03-21 01:50:27.900680,24381.72611134625,-0.03039752533009954,0.017842720899633006
2024-03-22 01:50:27.900680,24755.35167088656,0.015323999532848687,0.02098655513457871
2024-03-23 01:50:27.900680,24105.95650254885,-0.02623251638559554,0.02167831849790546
2024-03-24 01:50:27.900680,25278.569966323244,0.048644137545440724,0.03180242521233208
2024-03-25 01:50:27.900680,24716.212408288186,-0.02224641499832647,0.032259752592638524
2024-03-26 01:50:27.900680,24503.048922751543,-0.008624439781281468,0.028083273682911896
2024-03-27 01:50:27.900680,25133.536557508545,0.02573098705980148,0.030121722126676846
2024-03-28 01:50:27.900680,24246.617973877583,-0.03528825247499834,0.030996813664909764
2024-03-29 01:50:27.900680,24437.06264488008,0.007854483920507027,0.030490342695931937
2024-03-30 01:50:27.900680,25439.80881548765,0.0410338257580094,0.031943973972561365
2024-03-31 01:50:27.900680,24266.352652155205,-0.04612676816258343,0.03200805451232325
2024-04-01 01:50:27.900680,24425.550646325424,0.006560441795775196,0.03132277607555155
2024-04-02 01:50:27.900680,24641.357386252934,0.00883528658380417,0.0313342914743869
2024-04-03 01:50:27.900680,25251.38263462405,0.02475615441182799,0.031209159891425642
2024-04-04 01:50:27.900680,24355.85788209363,-0.03546438488094894,0.03124342889016092
2024-04-05 01:50:27.900680,23433.31416866432,-0.037877693238946075,0.034225948905424124
2024-04-06 01:50:27.900680,23826.941572127274,0.016797769219913494,0.02965882773884448
2024-04-07 01:50:27.900680,24064.22937212193,0.009958802277512335,0.025172209632962073
2024-04-08 01:50:27.900680,24270.005952160125,0.00855113940513652,0.025281800262725942
2024-04-09 01:50:27.900680,24548.106213145777,0.011458598796136643,0.025464356419345784
2024-04-10 01:50:27.900680,24076.444830796125,-0.019213758415998372,0.023621491604133116
2024-04-11 01:50:27.900680,24269.042829490914,0.007999436795935733,0.020219094568614142
2024-04-12 01:50:27.900680,24507.856870611235,0.009840274410415573,0.011700453670009216
2024-04-13 01:50:27.900680,24012.228278536542,-0.020223253085382087,0.014332704949669517
2024-04-14 01:50:27.900680,25420.004620586315,0.058627476205868057,0.026190901061740116
2024-04-15 01:50:27.900680,25809.72696849679,0.01533132482575783,0.02633325707430623
2024-04-16 01:50:27.900680,24928.515031609244,-0.034142629170899386,0.03090173106859359
2024-04-17 01:50:27.900680,25449.82682618558,0.020912268296579883,0.029885254599249417
2024-04-18 01:50:27.900680,24741.16581164881,-0.027845415977747368,0.032873821943131924
2024-04-19 01:50:27.900680,25357.66437390165,0.024917926945971836,0.03385950536219548
2024-04-20 01:50:27.900680,26280.806815232383,0.036404868670824486,0.03348889820708606
2024-04-21 01:50:27.900680,25667.31581415735,-0.023343689765241593,0.029106758607881922
2024-04-22 01:50:27.900680,26446.391141060576,0.030352816497995816,0.03078072974226837
2024-04-23 01:50:27.900680,26802.713597038564,0.013473386749724092,0.025838688076768788
2024-04-24 01:50:27.900680,27499.420749927547,0.025993903578701794,0.026241796458944273
2024-04-25 01:50:27.900680,29138.744953364432,0.05961304488354369,0.02523070698508531
2024-04-26 01:50:27.900680,28953.963028063576,-0.00634145106786832,0.027672039330545642
2024-04-27 01:50:27.900680,28334.921009466343,-0.021380217208857633,0.03026857715649852
2024-04-28 01:50:27.900680,27616.393643774565,-0.025358368405252518,0.030658794253568662
2024-04-29 01:50:27.900680,26975.66762059036,-0.023200930268048925,0.03166314696720173
2024-04-30 01:50:27.900680,26940.27042987596,-0.0013121896077701312,0.031359749359826355
2024-05-01 01:50:27.900680,27244.63901621609,0.01129790389938301,0.02987573835749648
2024-05-02 01:50:27.900680,27499.2159232639,0.009344110116352944,0.015448770454996224
2024-05-03 01:50:27.900680,28218.36451302123,0.026151603440770943,0.020221976760754445
2024-05-04 01:50:27.900680,28257.61691647918,0.0013910233330438615,0.018634384420449398
2024-05-05 01:50:27.900680,29546.611550248326,0.04561582944446507,0.021740076961100432
2024-05-06 01:50:27.900680,29342.276614566803,-0.006915680850036576,0.018189067337112824
2024-05-07 01:50:27.900680,31869.02194058527,0.08611279074249056,0.032066045861867565
2024-05-08 01:50:27.900680,32505.34246486084,0.019966741541735722,0.03162593375795522
2024-05-09 01:50:27.900680,31711.82794765489,-0.02441181839766071,0.03674038024833825
2024-05-10 01:50:27.900680,30739.945271032488,-0.030647324343038185,0.041420490040801505
2024-05-11 01:50:27.900680,31219.31988270737,0.015594517408806574,0.04110278281020912
2024-05-12 01:50:27.900680,31041.755402252355,-0.00568764730052207,0.03927657002734184
2024-05-13 01:50:27.900680,31745.572330174757,0.0226732321932841,0.039030880983294554
2024-05-14 01:50:27.900680,32231.698383847543,0.015313192297078615,0.022115472616921428
2024-05-15 01:50:27.900680,32193.53071211992,-0.0011841657015118079,0.02061853877199396
2024-05-16 01:50:27.900680,31417.394712424863,-0.024108446092334423,0.020561840688843744
2024-05-17 01:50:27.900680,30051.61173109789,-0.04347219092571142,0.023924628243031487
2024-05-18 01:50:27.900680,29681.40768633081,-0.01231894142915424,0.022602100302183
2024-05-19 01:50:27.900680,30484.33087467544,0.027051385056592103,0.02603770393218538
2024-05-20 01:50:27.900680,30711.45223837728,0.007450429685846194,0.024174059937529867
2024-05-21 01:50:27.900680,29614.48082465287,-0.035718643495263436,0.024898757076667447
2024-05-22 01:50:27.900680,29798.52472838416,0.006214659133179312,0.025570384181064797
2024-05-23 01:50:27.900680,30175.140040546343,0.012638723413157527,0.026124979870117686
2024-05-24 01:50:27.900680,29414.939302692503,-0.025192948129896253,0.022328887828460535
2024-05-25 01:50:27.900680,29580.47271372708,0.005627528560612216,0.022088041095601852
2024-05-26 01:50:27.900680,29661.820078114743,0.00275003598404,0.018731955571103895
2024-05-27 01:50:27.900680,28690.65874822013,-0.03274112402195983,0.020775843132645577
2024-05-28 01:50:27.900680,29029.286840465207,0.011802729774062382,0.01840529464816852
2024-05-29 01:50:27.900680,29551.32987977477,0.017983322917250133,0.019837142494398885
2024-05-30 01:50:27.900680,30557.80954467673,0.03405869275584794,0.02359177709405092
2024-05-31 01:50:27.900680,31570.85377539343,0.033151729322600465,0.02265428728426683
2024-06-01 01:50:27.900680,30322.932215381345,-0.039527646888812495,0.029596885893179173
2024-06-02 01:50:27.900680,29511.1900116871,-0.02676991123181971,0.03181243063951721
2024-06-03 01:50:27.900680,30000.695714228383,0.01658712177812638,0.02874168709697972
2024-06-04 01:50:27.900680,30497.1778674095,0.016549021326383917,0.028935938293072224
2024-06-05 01:50:27.900680,31003.049821480105,0.016587500531030974,0.02885581661373769
2024-06-06 01:50:27.900680,34836.56402982611,0.12364958384481262,0.05272944198635179
2024-06-07 01:50:27.900680,35473.79450826701,0.01829200141251941,0.0524114086473083
2024-06-08 01:50:27.900680,36739.821092910046,0.03568906575100095,0.04599017016968779
2024-06-09 01:50:27.900680,37844.33364524566,0.030063090115285185,0.039070916953278086
2024-06-10 01:50:27.900680,38629.76142169149,0.02075417112132194,0.03874244935587569
2024-06-11 01:50:27.900680,38304.405793160346,-0.008422408437356976,0.0419924087214313
2024-06-12 01:50:27.900680,39225.772792297576,0.024053812611335434,0.04157503446125866
2024-06-13 01:50:27.900680,38365.14033496651,-0.02194048443323615,0.021166035353426142
2024-06-14 01:50:27.900680,38131.65150103622,-0.0060859632440204425,0.022329131782455547
2024-06-15 01:50:27.900680,37618.042118177895,-0.013469371575589029,0.020796419679383567
2024-06-16 01:50:27.900680,37748.28344697618,0.0034622038113820697,0.017280553185669227
2024-06-17 01:50:27.900680,40503.15045332574,0.07297992795405484,0.03246019035854061
2024-06-18 01:50:27.900680,38334.94200951954,-0.0535318467709015,0.03974476341114672
2024-06-19 01:50:27.900680,39171.506597806445,0.021822508250544992,0.03953540215983764
2024-06-20 01:50:27.900680,37358.786585408045,-0.04627649457067118,0.04277132699098886
2024-06-21 01:50:27.900680,36870.44117564438,-0.013071768502096015,0.04293612798312743
2024-06-22 01:50:27.900680,38132.94839886292,0.03424171729337799,0.04492547611499512
2024-06-23 01:50:27.900680,38244.78061163876,0.002932692526318448,0.044924628424958986
2024-06-24 01:50:27.900680,37065.06022761709,-0.03084657213754949,0.03356903844978615
2024-06-25 01:50:27.900680,36314.44666131322,-0.02025124366976183,0.028732042378165863
2024-06-26 01:50:27.900680,37099.50303410214,0.021618293681045397,0.02869756797998734
2024-06-27 01:50:27.900680,36331.7703688601,-0.020693880037593315,0.02419394001278509
2024-06-28 01:50:27.900680,36605.05453613864,0.007521906158274305,0.02411984190195356
2024-06-29 01:50:27.900680,36691.80701901063,0.002369959120982701,0.01883583040832953
2024-06-30 01:50:27.900680,36017.51967520751,-0.018377054677458537,0.018998139811321653
2024-07-01 01:50:27.900680,38448.658289491104,0.06749877937755544,0.03171932044790764
2024-07-02 01:50:27.900680,39226.06193128615,0.02021926580484945,0.029839903818829797
2024-07-03 01:50:27.900680,36950.792441031335,-0.05800402534010418,0.03906720404041987
2024-07-04 01:50:27.900680,37195.237277730026,0.006615415273942826,0.03799624781427802
2024-07-05 01:50:27.900680,36500.54269999556,-0.018676976639436682,0.03886924696488077
2024-07-06 01:50:27.900680,37483.47349418453,0.026929210402920623,0.0401803541738126
2024-07-07 01:50:27.900680,36639.412557638,-0.022518215572457034,0.04058873854950406
2024-07-08 01:50:27.900680,36550.044862303504,-0.002439113760186906,0.029087962519197954
2024-07-09 01:50:27.900680,37145.10621195132,0.01628072829704097,0.028509682092044193
2024-07-10 01:50:27.900680,38160.64266683507,0.027339710622687585,0.020341668155839106
2024-07-11 01:50:27.900680,36847.79558711066,-0.0344031700720121,0.02508359852498958
2024-07-12 01:50:27.900680,36516.37384624447,-0.008994343775130087,0.024202313028152133
2024-07-13 01:50:27.900680,36035.78235768324,-0.013160986098586958,0.021440139806669006
2024-07-14 01:50:27.900680,35371.71615852221,-0.018427966751759395,0.02094633476594021
2024-07-15 01:50:27.900680,37332.94382904008,0.055446211931827305,0.031040955972335485
2024-07-16 01:50:27.900680,37827.09333413254,0.013236285553995808,0.03085180887044206
2024-07-17 01:50:27.900680,36459.39159232042,-0.03615667029266578,0.0318237498770383
2024-07-18 01:50:27.900680,37514.77819451531,0.028946906574743636,0.031427353383718784
2024-07-19 01:50:27.900680,40020.81230567189,0.06680125091404543,0.03880397446495162
2024-07-20 01:50:27.900680,41321.11317611437,0.03249061664493502,0.03732314243835283
2024-07-21 01:50:27.900680,39519.43140617367,-0.04360196595531596,0.04253013977024148
2024-07-22 01:50:27.900680,38988.45057208888,-0.013435943159896935,0.039973178668717226
2024-07-23 01:50:27.900680,40539.33744180199,0.03977810984936547,0.04188766991853256
2024-07-24 01:50:27.900680,39727.4630731849,-0.02002682875078088,0.03924122505833975
2024-07-25 01:50:27.900680,40300.234848666616,0.01441752710024713,0.03863632102094316
2024-07-26 01:50:27.900680,41289.008149762776,0.024535174666082016,0.030994191527066877
2024-07-27 01:50:27.900680,40196.8407368652,-0.026451771593449025,0.03024015667785599
2024-07-28 01:50:27.900680,40165.26804579353,-0.0007854520527706965,0.024588632766662812
2024-07-29 01:50:27.900680,36480.01670096647,-0.09175219098812926,0.0435752204315988
2024-07-30 01:50:27.900680,35411.371372774694,-0.029293992295882587,0.038291312744432676
2024-07-31 01:50:27.900680,35179.23343356154,-0.006555463124244598,0.038538324678714084
2024-08-01 01:50:27.900680,33920.59845085753,-0.03577778307992496,0.036426816041614414
2024-08-02 01:50:27.900680,35658.75835681305,0.05124201769239667,0.0431096327998313
2024-08-03 01:50:27.900680,34195.38014813009,-0.04103839494465633,0.04382511069595579
2024-08-04 01:50:27.900680,33780.68592930123,-0.01212720013734181,0.043114201400134826
2024-08-05 01:50:27.900680,33947.371701872755,0.0049343513308277576,0.031596070806585184
2024-08-06 01:50:27.900680,35482.855385783405,0.04523129794540015,0.03615987064392506
2024-08-07 01:50:27.900680,34020.85668346094,-0.041202960878628514,0.039553608726042896
2024-08-08 01:50:27.900680,35264.21396300986,0.03654691271056021,0.03934706794043862
2024-08-09 01:50:27.900680,35310.33413535054,0.0013078463166384946,0.03398713300294552
2024-08-10 01:50:27.900680,34320.0733986933,-0.028044502010697525,0.03170841915090239
2024-08-11 01:50:27.900680,34833.985933766955,0.014974109440372807,0.03149950434361805
2024-08-12 01:50:27.900680,35077.68973762656,0.006996150378052679,0.03151037859126485
2024-08-13 01:50:27.900680,34486.18475842735,-0.01686271198655165,0.02670950252641175
2024-08-14 01:50:27.900680,34593.05241351951,0.003098854101744042,0.020994578590225896
2024-08-15 01:50:27.900680,34229.69207364941,-0.010503853072187819,0.014973498185752837
2024-08-16 01:50:27.900680,34380.82434261707,0.004415238928894727,0.015206443787303616
2024-08-17 01:50:27.900680,35105.67847464906,0.02108309343628778,0.013320090396205743
2024-08-18 01:50:27.900680,36853.23495070907,0.049779880406583654,0.022040027932017474
2024-08-19 01:50:27.900680,35545.3354550146,-0.03548940811963375,0.027602523194432533
2024-08-20 01:50:27.900680,37932.18416141301,0.06714942131912505,0.03515498583122325
2024-08-21 01:50:27.900680,35810.36240098973,-0.05593724187867166,0.04418821158014868
2024-08-22 01:50:27.900680,35683.3342199326,-0.003547246454384423,0.043837644833970874
2024-08-23 01:50:27.900680,36355.055307136674,0.018824504545005505,0.044045955949955
2024-08-24 01:50:27.900680,36699.496053004485,0.009474356260990024,0.043725427926634496
2024-08-25 01:50:27.900680,36056.31557998932,-0.01752559414129906,0.040041307610094494
2024-08-26 01:50:27.900680,35867.74308723617,-0.005229943484791444,0.037426159191199085
2024-08-27 01:50:27.900680,35376.52067417767,-0.013695381163620124,0.02399380716786183
2024-08-28 01:50:27.900680,34791.3015329686,-0.016542586157610395,0.013774882048515727
2024-08-29 01:50:27.900680,35725.169289806814,0.026841989683923373,0.018072439705350704
2024-08-30 01:50:27.900680,36145.98679453811,0.011779300507090085,0.017035747393340347
2024-08-31 01:50:27.900680,35437.78554698733,-0.019592804356853066,0.017673136282835632
2024-09-01 01:50:27.900680,36443.62825961909,0.028383339904185068,0.020481412882133707
2024-09-02 01:50:27.900680,36817.95453288136,0.010271377772696821,0.02044444612852896
2024-09-03 01:50:27.900680,37764.574651721145,0.02571082861201246,0.020209305798400704
2024-09-04 01:50:27.900680,38523.18816273022,0.020087966513731237,0.016778068305556167
2024-09-05 01:50:27.900680,37614.53329821117,-0.023587218707877833,0.02102613284254772
2024-09-06 01:50:27.900680,37024.6929989905,-0.01568118084955017,0.022613624150090397
2024-09-07 01:50:27.900680,37901.99982589715,0.023695181670529086,0.021061897831922475
2024-09-08 01:50:27.900680,38641.04233461976,0.019498773471516184,0.019999091385766454
2024-09-09 01:50:27.900680,38655.45628332722,0.00037302173638709135,0.020207659957345244
2024-09-10 01:50:27.900680,38830.56748327458,0.0045300512989387975,0.018478159392141133
2024-09-11 01:50:27.900680,40388.20169518849,0.04011360927405527,0.02247773147038202
2024-09-12 01:50:27.900680,39717.44704830672,-0.016607687857557507,0.021001553572963624
2024-09-13 01:50:27.900680,40415.100296103454,0.017565410157108108,0.018348152788139276
2024-09-14 01:50:27.900680,40210.884000669415,-0.005052970150706937,0.01870089685649707
2024-09-15 01:50:27.900680,39989.11408373327,-0.005515171388235429,0.018668085522711243
2024-09-16 01:50:27.900680,41370.60376871865,0.03454664392146012,0.021493329406559614
2024-09-17 01:50:27.900680,42450.2611718902,0.026097211662835518,0.022125095063978042
2024-09-18 01:50:27.900680,43542.538389426605,0.025730753766473713,0.0197277096944923
2024-09-19 01:50:27.900680,45326.99261470925,0.040981860297698125,0.018266129982660955
2024-09-20 01:50:27.900680,45400.941092456495,0.0016314446090837098,0.01945683467196594
2024-09-21 01:50:27.900680,46385.70931439784,0.0216904803787199,0.016878674667257385
2024-09-22 01:50:27.900680,46001.93313050302,-0.008273586618965378,0.017610091489975967
2024-09-23 01:50:27.900680,46497.958609417314,0.01078270944629911,0.0166818189633963
2024-09-24 01:50:27.900680,46363.11089070412,-0.00290007825603511,0.017606138199226126
2024-09-25 01:50:27.900680,46544.73988432904,0.0039175324980476045,0.016851549260556164
2024-09-26 01:50:27.900680,47430.65306575947,0.019033583249837838,0.011129199212144877
2024-09-27 01:50:27.900680,46326.86768423895,-0.02327156195783764,0.01591603941880645
2024-09-28 01:50:27.900680,49377.44330288284,0.06584895053635886,0.028408552516277642
2024-09-29 01:50:27.900680,47957.40327648442,-0.028758881209945297,0.03141706751304837
2024-09-30 01:50:27.900680,46288.22119004667,-0.034805514318916875,0.03488566232670762
2024-10-01 01:50:27.900680,47972.64022031707,0.03638979824596511,0.037434036874287056
2024-10-02 01:50:27.900680,49174.77229728569,0.025058701615082057,0.03813334912798542
2024-10-03 01:50:27.900680,50154.30375230488,0.019919389745161276,0.03817557930847812
2024-10-04 01:50:27.900680,51159.83203618545,0.020048693903648607,0.0355649508150702
2024-10-05 01:50:27.900680,51192.20582166382,0.0006327969461563665,0.027623060411844882
2024-10-06 01:50:27.900680,49882.47103935327,-0.02558465221977768,0.026985674250485325
2024-10-07 01:50:27.900680,50046.06073212757,0.0032795025860934413,0.020445738143552387
2024-10-08 01:50:27.900680,49088.70387408617,-0.019129514771715428,0.019893482353222844
2024-10-09 01:50:27.900680,50596.5067156474,0.030715882118802496,0.021001202881107083
2024-10-10 01:50:27.900680,50424.179661747934,-0.0034059081364637978,0.01992712733903645
2024-10-11 01:50:27.900680,49239.98020576908,-0.02348475401925465,0.01976083244096715
2024-10-12 01:50:27.900680,48816.30246962417,-0.00860434416046485,0.019607821141276714
2024-10-13 01:50:27.900680,49474.2468087863,0.013477963423623507,0.01884886112535774
2024-10-14 01:50:27.900680,48693.25556708618,-0.01578581367228471,0.019490311488595695
2024-10-15 01:50:27.900680,47554.3809955473,-0.023388753910073223,0.020107352817212498
2024-10-16 01:50:27.900680,47951.23397384158,0.008345245379840938,0.014638592523690297
2024-10-17 01:50:27.900680,48353.25458804353,0.008383947208141729,0.015824969916386575
2024-10-18 01:50:27.900680,47671.09490900138,-0.01410783379224334,0.014419371874866457
2024-10-19 01:50:27.900680,47049.210614225325,-0.013045311754705025,0.014723230485852789
2024-10-20 01:50:27.900680,47425.28789892634,0.007993275121757515,0.013674658969715286
2024-10-21 01:50:27.900680,45454.55593405216,-0.04155445443102512,0.019141494324783327
2024-10-22 01:50:27.900680,43618.83894562769,-0.040385764434434646,0.02203746336958781
2024-10-23 01:50:27.900680,42731.4770584033,-0.020343546703077475,0.020202995794094982
2024-10-24 01:50:27.900680,42501.20386449985,-0.005388842365283364,0.017961614269316847
2024-10-25 01:50:27.900680,42942.39767637278,0.01038073682052687,0.021000751592569953
2024-10-26 01:50:27.900680,44930.6556299516,0.04630058080508115,0.031230219394723684
2024-10-27 01:50:27.900680,46147.83759902047,0.02709023387269416,0.0334276775914258
2024-10-28 01:50:27.900680,45972.89336047984,-0.0037909520281477205,0.029000610812384274
2024-10-29 01:50:27.900680,45992.64359209391,0.0004296060171633531,0.02241928055275142
2024-10-30 01:50:27.900680,44674.62114887664,-0.028657244730412423,0.024300642024042182
2024-10-31 01:50:27.900680,44694.48816609286,0.00044470477208991,0.023917035513872743
2024-11-01 01:50:27.900680,44353.4469648152,-0.007630497971255146,0.024511499023058297
2024-11-02 01:50:27.900680,44829.750129282365,0.010738808301528513,0.0170447859437943
2024-11-03 01:50:27.900680,43774.657590416144,-0.02353554360270782,0.014006886930988258
2024-11-04 01:50:27.900680,44506.50915108923,0.016718613027673745,0.016767659042583056
2024-11-05 01:50:27.900680,46647.419935901074,0.04810331849536764,0.026156376319431022
2024-11-06 01:50:27.900680,46541.98528030831,-0.002260246241649444,0.022609799733967845
2024-11-07 01:50:27.900680,47153.40232781694,0.01313689228824777,0.022591218361715192
2024-11-08 01:50:27.900680,48188.02209321934,0.021941571855400355,0.02196004233364118
2024-11-09 01:50:27.900680,47659.11353496174,-0.010975934169583312,0.023655989333249316
2024-11-10 01:50:27.900680,48028.599009597776,0.007752671991370308,0.01897203473012071
2024-11-11 01:50:27.900680,48094.81707586355,0.001378721587372178,0.019417407242421355
2024-11-12 01:50:27.900680,48284.21526614604,0.003938016647069054,0.010669153951183888
2024-11-13 01:50:27.900680,47224.57470577795,-0.021945900011572594,0.014722420793084412
2024-11-14 01:50:27.900680,47306.59490159914,0.0017368117411791228,0.01391620387587063
2024-11-15 01:50:27.900680,48066.70153561292,0.01606766742765675,0.01251794529970572
2024-11-16 01:50:27.900680,50255.69982426481,0.045540846755004694,0.020291435680857606
2024-11-17 01:50:27.900680,51774.72493807373,0.030225926991777508,0.02199267578385346
2024-11-18 01:50:27.900680,55284.77578432568,0.06779467878294332,0.03001687844827478
2024-11-19 01:50:27.900680,54080.68734665941,-0.021779747147091633,0.03372394408844009
2024-11-20 01:50:27.900680,55570.1818962572,0.027542078747077703,0.029119119140243475
2024-11-21 01:50:27.900680,55932.57909840501,0.006521432714119202,0.0285637027333081
2024-11-22 01:50:27.900680,59790.16058682344,0.0689684178809562,0.032648690377210465
2024-11-23 01:50:27.900680,58416.13641687067,-0.02298077403484311,0.03781608400675399
2024-11-24 01:50:27.900680,57019.90998978875,-0.023901382609731958,0.0413047943743075
2024-11-25 01:50:27.900680,56059.7858405963,-0.01683840169801032,0.03505022779921243
2024-11-26 01:50:27.900680,52651.87517567568,-0.06079064723170491,0.041972721314670385
2024-11-27 01:50:27.900680,51879.78437260908,-0.014664070377179983,0.03981881583358178
2024-11-28 01:50:27.900680,50762.36447997056,-0.02153863795217481,0.039394489646103405
2024-11-29 01:50:27.900680,51042.92967180933,0.005527031585565334,0.01978003424385247
2024-11-30 01:50:27.900680,51620.54314323925,0.01131622881256611,0.023452425297037945
2024-12-01 01:50:27.900680,54663.971787184586,0.05895770285679247,0.036710530055275754
2024-12-02 01:50:27.900680,56301.29611776964,0.02995253138501197,0.03850380454910587
2024-12-03 01:50:27.900680,55390.63005352148,-0.01617486855619188,0.02905553837625235
2024-12-04 01:50:27.900680,53971.60131742195,-0.02561857004927348,0.03070433741557247
2024-12-05 01:50:27.900680,54828.79882107124,0.015882380413504427,0.028258537585145925
2024-12-06 01:50:27.900680,52752.363953421365,-0.037871244898618595,0.03395070214492103
2024-12-07 01:50:27.900680,55787.64050965156,0.0575382092622474,0.03939540487349995
2024-12-08 01:50:27.900680,57854.74959854108,0.03705317288928711,0.03572518072470558
2024-12-09 01:50:27.900680,57103.20716907031,-0.012990159575242965,0.035145855532416614
2024-12-10 01:50:27.900680,54296.85176947232,-0.04914532017945983,0.03995327824652984
2024-12-11 01:50:27.900680,56604.15644977529,0.0424942626526319,0.0415514410812131
2024-12-12 01:50:27.900680,56466.42550447743,-0.0024332302420241314,0.04151712340071871
2024-12-13 01:50:27.900680,58661.32857450641,0.038870940570781,0.03833570428047079
2024-12-14 01:50:27.900680,55977.39129044128,-0.045753094061895205,0.039504341621766574
2024-12-15 01:50:27.900680,55034.850585411965,-0.016837881925202636,0.03647809605202334
2024-12-16 01:50:27.900680,55098.57989311358,0.0011579809343300607,0.03645322607651818
2024-12-17 01:50:27.900680,55231.4954532338,0.0024123227926757806,0.030686631089297037
2024-12-18 01:50:27.900680,54545.29166275931,-0.012424139249597621,0.025430227920109093
2024-12-19 01:50:27.900680,55629.68124734359,0.01988053508428944,0.027146355751935903
2024-12-20 01:50:27.900680,53930.07399041349,-0.03055216601679278,0.021999047021365993
2024-12-21 01:50:27.900680,53753.93624378285,-0.003266039402466725,0.01612459704697374
2024-12-22 01:50:27.900680,54002.25288141578,0.00461950612336115,0.015679191732629483
2024-12-23 01:50:27.900680,54897.01254552166,0.016568932153084415,0.017293044691641904
2024-12-24 01:50:27.900680,56137.68742494542,0.02260004364344903,0.01939477578034204
2024-12-25 01:50:27.900680,54329.54111805001,-0.03220913418125482,0.023031147957159725
2024-12-26 01:50:27.900680,51937.68783707596,-0.044024912262316196,0.026137727545009096
2024-12-27 01:50:27.900680,54021.11528141985,0.04011398140940403,0.02999800649092367
2024-12-28 01:50:27.900680,54616.9576512287,0.01102980504391371,0.030174753342469173
2024-12-29 01:50:27.900680,53457.6535539734,-0.021226083383449335,0.031450886558251595
2024-12-30 01:50:27.900680,56060.10268273728,0.04868244219017792,0.03639746798849896
2024-12-31 01:50:27.900680,56311.26570282503,0.004480245452085141,0.035450229570336445
2025-01-01 01:50:27.900680,58397.52635157288,0.03704872591139763,0.03428989490666111
2025-01-02 01:50:27.900680,58574.47880149596,0.0030301360516158393,0.025120679997845237
2025-01-03 01:50:27.900680,62372.31606527284,0.06483774745392834,0.030065986119355532
2025-01-04 01:50:27.900680,65810.65461121353,0.055126036082137064,0.03214564532739818
2025-01-05 01:50:27.900680,65386.30448251654,-0.006448046007198949,0.028720764386932225
2025-01-06 01:50:27.900680,67387.52781096268,0.030606154366488836,0.02749909467234572
2025-01-07 01:50:27.900680,68773.68814016502,0.020569983411334425,0.025935466943375035
2025-01-08 01:50:27.900680,71727.92764658568,0.04295595577773503,0.02632458837702293
2025-01-09 01:50:27.900680,69751.05003657143,-0.02756077966945636,0.03320645725534463
2025-01-10 01:50:27.900680,71272.7465964653,0.02181610970868575,0.02839373348171248
2025-01-11 01:50:27.900680,73645.77337523451,0.03329500955259812,0.024811806203331295
2025-01-12 01:50:27.900680,69930.68720359106,-0.05044534127864486,0.03504507552340378
2025-01-13 01:50:27.900680,67559.37313860444,-0.0339094918098396,0.037194460496448416
2025-01-14 01:50:27.900680,63613.76310621682,-0.058402111344236785,0.04193043267289539
2025-01-15 01:50:27.900680,63164.82899113552,-0.00705718531902777,0.0350328484406788
2025-01-16 01:50:27.900680,64603.8438032327,0.022781899912990067,0.03768236188558822
2025-01-17 01:50:27.900680,67649.815150857,0.04714845384280175,0.0422209911887134
2025-01-18 01:50:27.900680,67868.19161954298,0.0032280423560508975,0.0388762254149129
2025-01-19 01:50:27.900680,71337.77080452825,0.051122316687544966,0.0405949700963472
2025-01-20 01:50:27.900680,68512.95751706576,-0.03959772299589681,0.04151646342874568
2025-01-21 01:50:27.900680,65164.92832174973,-0.04886709487737528,0.03927154985063827
2025-01-22 01:50:27.900680,65121.51486320374,-0.0006662089511038083,0.03904232657504632
2025-01-23 01:50:27.900680,65942.09098327531,0.0126006915194663,0.03845564851003695
2025-01-24 01:50:27.900680,65943.35428475455,1.9157740684283553e-05,0.03333903709429971
2025-01-25 01:50:27.900680,62039.59697587429,-0.05919864634157335,0.03918123650860482
2025-01-26 01:50:27.900680,61935.85426900812,-0.0016722014958689968,0.028653708642511443
2025-01-27 01:50:27.900680,59618.45393266921,-0.037416135834240194,0.02841111707298179
2025-01-28 01:50:27.900680,60889.17036315038,0.021314145984333344,0.02862641452260413
2025-01-29 01:50:27.900680,61624.115525747366,0.012070211471328696,0.029652165266361642
2025-01-30 01:50:27.900680,59970.746569152856,-0.026829901613820484,0.028940887158255376
2025-01-31 01:50:27.900680,59112.40959675567,-0.014312594414802371,0.02835903825169369
2025-02-01 01:50:27.900680,57320.85235530617,-0.030307633433840464,0.022344272674962976
2025-02-02 01:50:27.900680,57270.41083617631,-0.0008799855036557558,0.02240145538775492
2025-02-03 01:50:27.900680,58994.15490945385,0.030098336088566935,0.023589302830727667
2025-02-04 01:50:27.900680,57332.43894783901,-0.028167467847709626,0.023104788841485483
2025-02-05 01:50:27.900680,58264.20840059735,0.01625204630847943,0.02376489172309422
2025-02-06 01:50:27.900680,57402.06367417672,-0.01479715849725316,0.022558084314676805
2025-02-07 01:50:27.900680,56108.87895922547,-0.022528540477073755,0.023264367043313014
2025-02-08 01:50:27.900680,55984.96426547826,-0.00220846853556389,0.020916436272449913
2025-02-09 01:50:27.900680,54327.247124557776,-0.029610041958045397,0.02309603280818473
2025-02-10 01:50:27.900680,53485.81136469545,-0.015488282664739783,0.016196204816784483
2025-02-11 01:50:27.900680,51649.47721416618,-0.03433310823328717,0.017242136992560924
2025-02-12 01:50:27.900680,54840.10820530796,0.06177470060174528,0.032597619562077344
2025-02-13 01:50:27.900680,54953.0802267507,0.002060025502134355,0.03264907446860146
2025-02-14 01:50:27.900680,53865.37989904216,-0.019793254958965223,0.03243059915487246
2025-02-15 01:50:27.900680,54266.51480391488,0.007446989246609803,0.032790871421594765
2025-02-16 01:50:27.900680,54138.064029679226,-0.0023670356332959885,0.030799810647516176
2025-02-17 01:50:27.900680,53834.17222316507,-0.005613274356237707,0.03019778149618174
2025-02-18 01:50:27.900680,54890.12379934975,0.01961489389689719,0.026205046394622487
2025-02-19 01:50:27.900680,56207.976041080175,0.024008913635316542,0.0150438371289232
2025-02-20 01:50:27.900680,55375.85314013293,-0.0148043562418807,0.016605115296139138
2025-02-21 01:50:27.900680,54481.93003067215,-0.016142832277430408,0.015876794803132647
2025-02-22 01:50:27.900680,54088.28055075787,-0.007225321857956657,0.01596525015986173
2025-02-23 01:50:27.900680,50529.630246090375,-0.06579337091937987,0.02952956084967342
2025-02-24 01:50:27.900680,48332.49795427904,-0.04348205757910395,0.03207458182172166
2025-02-25 01:50:27.900680,50406.00918957408,0.04290097394213954,0.03706237619271246
2025-02-26 01:50:27.900680,53008.87907973556,0.05163808704577755,0.04254115812846857
2025-02-27 01:50:27.900680,52666.96179997824,-0.0064501888304978605,0.0424210147286288
2025-02-28 01:50:27.900680,53639.46352857404,0.01846511922007621,0.04310274435358761
2025-03-01 01:50:27.900680,54196.83769692035,0.010391121232027123,0.043221484077290505
2025-03-02 01:50:27.900680,59500.75407030896,0.09786394555064604,0.04522589676499567
2025-03-03 01:50:27.900680,61594.724969758114,0.03519234221762657,0.03387405077837662
2025-03-04 01:50:27.900680,61420.19596130078,-0.0028335057676290853,0.036560916849772716
2025-03-05 01:50:27.900680,59744.22254341724,-0.02728700864027722,0.04044468602287316
2025-03-06 01:50:27.900680,56990.1874317451,-0.04609709515712146,0.04671411662921789
2025-03-07 01:50:27.900680,57396.48197256927,0.0071292016947790415,0.046658888128952275
2025-03-08 01:50:27.900680,56164.92711577576,-0.021456974617052205,0.04821214178135788
2025-03-09 01:50:27.900680,53872.75505938128,-0.04081144896119082,0.028785897509478648
2025-03-10 01:50:27.900680,52890.70907554908,-0.018228991310166642,0.019105364766719035
2025-03-11 01:50:27.900680,51253.36382572882,-0.030957143105823648,0.017442494827124375
2025-03-12 01:50:27.900680,53968.22786532847,0.0529694801853533,0.03425741901422786
2025-03-13 01:50:27.900680,55470.13086398482,0.027829392553043952,0.034079839156840125
2025-03-14 01:50:27.900680,55512.34974959968,0.0007611102580302731,0.033837276771387245
2025-03-15 01:50:27.900680,58090.59868861616,0.04644460107789028,0.03761155551601051
2025-03-16 01:50:27.900680,58283.84113285148,0.003326570023338027,0.03182152322914793
2025-03-17 01:50:27.900680,56853.98766533247,-0.024532588102074815,0.032882307235094485
2025-03-18 01:50:27.900680,59571.66750937017,0.04780104185541312,0.02949954977578696
2025-03-19 01:50:27.900680,60603.18109380427,0.01731550630627976,0.02616831315067109
2025-03-20 01:50:27.900680,58805.18318149742,-0.02966837515548615,0.030811705833092826
2025-03-21 01:50:27.900680,58528.85263122164,-0.004699084933090125,0.031116106231876346
2025-03-22 01:50:27.900680,57068.44245951985,-0.024951969943841856,0.027954295510029245
2025-03-23 01:50:27.900680,54804.225601185535,-0.039675462668188,0.031086561867733786
2025-03-24 01:50:27.900680,56404.707815012815,0.029203627936905896,0.032998821740974474
2025-03-25 01:50:27.900680,59789.80288699127,0.06001440665343649,0.036160120597237194
2025-03-26 01:50:27.900680,57390.46065973306,-0.040129622634702544,0.03831491531123056
2025-03-27 01:50:27.900680,58426.36106088271,0.018050045063960685,0.037879000838974435
2025-03-28 01:50:27.900680,57354.30458695307,-0.01834884895214528,0.038488875487618694
2025-03-29 01:50:27.900680,56578.78759174443,-0.01352151335097962,0.03759798435366637
2025-03-30 01:50:27.900680,55637.77181001062,-0.01663195380791649,0.034489829399505595
2025-03-31 01:50:27.900680,54268.42665619646,-0.024611789963302932,0.033573293101400184
2025-04-01 01:50:27.900680,54401.8546141286,0.0024586664134826908,0.018777508555346534
2025-04-02 01:50:27.900680,53115.55068472452,-0.023644486728031766,0.01561093004963667
2025-04-03 01:50:27.900680,53601.842727666764,0.009155361032190168,0.013007333745156106
2025-04-04 01:50:27.900680,53574.66580502496,-0.0005070147080554754,0.013337190881422318
2025-04-05 01:50:27.900680,53245.21077482316,-0.006149455628912226,0.013268160166268696
2025-04-06 01:50:27.900680,51866.90676354213,-0.025885971549815978,0.01460042945513428
2025-04-07 01:50:27.900680,51028.16893304114,-0.01617096300584775,0.013487445678496305
2025-04-08 01:50:27.900680,52249.982140713,0.023943896738194193,0.018100054443177367
2025-04-09 01:50:27.900680,53094.16656441075,0.016156645210409826,0.01773782401020007
2025-04-10 01:50:27.900680,51611.28795210851,-0.027929219126234806,0.019971999378685636
2025-04-11 01:50:27.900680,51817.108594834,0.003987899757829538,0.02021952065995474
2025-04-12 01:50:27.900680,53051.43900761739,0.02382090483733501,0.02283526116448297
2025-04-13 01:50:27.900680,50510.42909818962,-0.047897096798126815,0.027900028825049134
2025-04-14 01:50:27.900680,51391.9033421505,0.017451331530907055,0.028235385799819976
2025-04-15 01:50:27.900680,50430.791185828304,-0.018701626011463857,0.027130019373089842
2025-04-16 01:50:27.900680,51352.82168000612,0.018283086037264473,0.027413295523266767
2025-04-17 01:50:27.900680,50240.53194193095,-0.021659758932160655,0.026608029729704843
2025-04-18 01:50:27.900680,47640.138280683874,-0.05175887994682593,0.031815583479007106
2025-04-19 01:50:27.900680,45415.31459122261,-0.04670061359505617,0.029875298155107526
2025-04-20 01:50:27.900680,45526.3792804271,0.0024455338513929004,0.02850930685658638
2025-04-21 01:50:27.900680,45928.39702859707,0.008830435332747966,0.027054278660840068
2025-04-22 01:50:27.900680,44743.85418592516,-0.025791077401076223,0.02732073896448557
2025-04-23 01:50:27.900680,45654.94258234371,0.020362313729896497,0.027771063714191534
2025-04-24 01:50:27.900680,43478.48728338172,-0.04767184396380553,0.03023496203523824
2025-04-25 01:50:27.900680,43435.79525373934,-0.0009819115684527313,0.027306202792175275
2025-04-26 01:50:27.900680,41927.98025632116,-0.034713650080767766,0.02511269272893407
2025-04-27 01:50:27.900680,41157.17637288643,-0.018383997481455694,0.024469531569551162
2025-04-28 01:50:27.900680,41256.97822278121,0.0024248954542112067,0.023574685007123383
2025-04-29 01:50:27.900680,40245.88918309934,-0.024507103603713998,0.02348122304898736
2025-04-30 01:50:27.900680,39824.057928020295,-0.010481350111558374,0.01805408134189943
2025-05-01 01:50:27.900680,41085.6940596241,0.03168025051299739,0.02172705187756974
2025-05-02 01:50:27.900680,40421.15265094726,-0.016174520691130234,0.021685195523546696
2025-05-03 01:50:27.900680,41488.81993467087,0.026413578379205216,0.022381520072071007
2025-05-04 01:50:27.900680,40146.400543022406,-0.03235617194613549,0.024666492526450083
2025-05-05 01:50:27.900680,40830.40038681723,0.01703763810809944,0.02582163132379627
2025-05-06 01:50:27.900680,42677.59051149045,0.04524055868111487,0.02863225573499222
2025-05-07 01:50:27.900680,39667.19941927567,-0.07053798155273716,0.0414773146964235
2025-05-08 01:50:27.900680,38768.87668438091,-0.022646487476961297,0.039644322151740026
2025-05-09 01:50:27.900680,39485.35885288088,0.018480859642462155,0.040545042839689294
2025-05-10 01:50:27.900680,39284.83551536529,-0.0050784225682923845,0.038480662139378626
2025-05-11 01:50:27.900680,39764.43643267499,0.012208296433419363,0.03727784964519839
2025-05-12 01:50:27.900680,39089.480906074976,-0.016973848673620284,0.036785288394842415
2025-05-13 01:50:27.900680,39230.36616133469,0.0036041730919436077,0.029916468003276072
2025-05-14 01:50:27.900680,39086.6421966782,-0.003663589681152324,0.014807009489481543
2025-05-15 01:50:27.900680,40520.75202951807,0.03669053549352341,0.01772170138486062
2025-05-16 01:50:27.900680,40872.06670085756,0.008669993861011527,0.01698587317256936
2025-05-17 01:50:27.900680,41329.434415666,0.011190227256084428,0.016471839211631645
2025-05-18 01:50:27.900680,40862.73956938588,-0.011292069511196101,0.017676769435638715
2025-05-19 01:50:27.900680,40309.63201167094,-0.013535743406918432,0.017031827787790527
2025-05-20 01:50:27.900680,39829.73335101021,-0.011905309890246185,0.01814383196636919
2025-05-21 01:50:27.900680,40344.184856266205,0.012916267872602916,0.018315777898566133
2025-05-22 01:50:27.900680,39877.71842068365,-0.011562172770237744,0.012375800419261476
2025-05-23 01:50:27.900680,40266.14244700501,0.009740377376251663,0.012538282185192283
2025-05-24 01:50:27.900680,42895.76066301109,0.06530593834427934,0.02854217089563922
2025-05-25 01:50:27.900680,44075.617707785976,0.027505213255077487,0.02846698929648058
2025-05-26 01:50:27.900680,43690.29683880198,-0.00874226815239687,0.027822901282139344
2025-05-27 01:50:27.900680,45338.767209939455,0.03773081188300487,0.027061203923082387
2025-05-28 01:50:27.900680,44831.91138805288,-0.011179303123518891,0.029393763872699805
2025-05-29 01:50:27.900680,42215.03585922639,-0.05837082220687695,0.03999892418423473
2025-05-30 01:50:27.900680,40998.43389272525,-0.028819162218838734,0.04243758413736578
2025-05-31 01:50:27.900680,38799.60672427525,-0.05363197955813037,0.03695164280408826
2025-06-01 01:50:27.900680,38431.01078022874,-0.00949999175676941,0.032457246779220184
2025-06-02 01:50:27.900680,38490.72324022124,0.001553757207531481,0.03322021374475628
2025-06-03 01:50:27.900680,40516.54368800284,0.05263139471655087,0.03754228996809697
2025-06-04 01:50:27.900680,40956.814144919335,0.010866436690819103,0.0388505127162513
2025-06-05 01:50:27.900680,40729.19601877684,-0.005557515419463588,0.03308607986713289
2025-06-06 01:50:27.900680,41797.11632088985,0.02622001921227901,0.03292091904388513
2025-06-07 01:50:27.900680,39153.63594732489,-0.06324552041509557,0.035765793952973204
2025-06-08 01:50:27.900680,39470.82246116949,0.00810107429796103,0.035451975714456595
2025-06-09 01:50:27.900680,40434.67394780008,0.0244193413395124,0.036195171461859174
2025-06-10 01:50:27.900680,38718.98683167374,-0.042431085714731864,0.034281269196137186
2025-06-11 01:50:27.900680,40110.683361612784,0.035943516187272095,0.03749112457174241
2025-06-12 01:50:27.900680,40560.61853525714,0.011217340018568667,0.037787942945536654
2025-06-13 01:50:27.900680,40098.50178452757,-0.011393237268506495,0.036079067563463366
2025-06-14 01:50:27.900680,40907.86846757827,0.020184461938251408,0.026186771112803764
2025-06-15 01:50:27.900680,43835.465894421126,0.07156563117345338,0.03596351090263313
2025-06-16 01:50:27.900680,44119.38261623808,0.0064768724598656124,0.035873094790368966
2025-06-17 01:50:27.900680,44493.62046645655,0.008482390913619353,0.026741255038696263
2025-06-18 01:50:27.900680,43928.57377494189,-0.012699499065054631,0.02829026467767916
2025-06-19 01:50:27.900680,42865.60090249516,-0.024197755153459566,0.03170706993699625
2025-06-20 01:50:27.900680,43990.76541754069,0.02624865839638879,0.030985252045336222
2025-06-21 01:50:27.900680,42918.25329786442,-0.02438039232771838,0.033879472647576805
2025-06-22 01:50:27.900680,43053.52923222791,0.003151944079006208,0.01876678130580962
2025-06-23 01:50:27.900680,42483.44556592186,-0.013241276068938768,0.01868903293335599
2025-06-24 01:50:27.900680,43141.43390099871,0.015488111341059874,0.019705881694638955
2025-06-25 01:50:27.900680,43619.039546628606,0.011070694746166954,0.02004881246849485
2025-06-26 01:50:27.900680,45043.10590246767,0.032647815509939004,0.020516751244538448
2025-06-27 01:50:27.900680,44403.55120109397,-0.014198725610941154,0.01997385996716178
2025-06-28 01:50:27.900680,44089.56795617199,-0.007071129142352195,0.017099755107352142
2025-06-29 01:50:27.900680,42856.62699367264,-0.027964460067401387,0.020959255049760088
2025-06-30 01:50:27.900680,42331.50004850207,-0.012253109542384122,0.02086197888376657
2025-07-01 01:50:27.900680,42856.20772887284,0.01239520640113323,0.02050085538993952
2025-07-02 01:50:27.900680,43884.45530971527,0.023992967071365,0.02225158326414831
2025-07-03 01:50:27.900680,42729.74169029491,-0.026312588620980848,0.01926920504475585
2025-07-04 01:50:27.900680,43903.031926462536,0.02745839758806934,0.02289168924050381
2025-07-05 01:50:27.900680,45771.08307651735,0.04254947934310782,0.027961837399037105
2025-07-06 01:50:27.900680,46388.68468482655,0.013493270571656168,0.023711792188475807
2025-07-07 01:50:27.900680,49124.57601027117,0.058977557652966084,0.026838439583456195
2025-07-08 01:50:27.900680,48045.3695450959,-0.021968769052574166,0.03156981601625526
2025-07-09 01:50:27.900680,46330.76087535937,-0.03568728237436458,0.03693314365645222
2025-07-10 01:50:27.900680,43967.22696926983,-0.0510143555044994,0.04167379270623665
2025-07-11 01:50:27.900680,46031.49536839998,0.04695016132295393,0.044022773520113946
2025-07-12 01:50:27.900680,46991.03382421838,0.020845259276045747,0.0418635136588539
2025-07-13 01:50:27.900680,46959.675891020575,-0.0006673173719715653,0.04169909399016971
2025-07-14 01:50:27.900680,47403.13342249816,0.009443368657541917,0.034009672029965056
2025-07-15 01:50:27.900680,45875.15389630954,-0.032233724141607634,0.035088314700794224
2025-07-16 01:50:27.900680,49417.08528867722,0.0772080547211551,0.04400825087950711
2025-07-17 01:50:27.900680,49658.6629634587,0.004888545598557004,0.03528171407663397
2025-07-18 01:50:27.900680,49871.74947950836,0.004291024029512425,0.03307552602870835
2025-07-19 01:50:27.900680,51020.5094753178,0.02303428309210309,0.03318361887242232
2025-07-20 01:50:27.900680,51813.87525238795,0.015549938352810155,0.032691446070546165
2025-07-21 01:50:27.900680,52215.24469097033,0.007746369802051678,0.03274228891894158
2025-07-22 01:50:27.900680,51042.58388580538,-0.0224582076001979,0.030559771560557294
2025-07-23 01:50:27.900680,51821.4581346362,0.01525930291016131,0.014597304838045451
2025-07-24 01:50:27.900680,54886.3699986243,0.05914368244956014,0.0244375143510353
2025-07-25 01:50:27.900680,57204.218717585645,0.04222995106106375,0.025918774079305987
2025-07-26 01:50:27.900680,60064.75608228824,0.0500057063767434,0.02832553635125824
2025-07-27 01:50:27.900680,59209.78278452153,-0.01423419245381441,0.031815314514327946
2025-07-28 01:50:27.900680,57535.297749751146,-0.02828054682896286,0.03661733306450652
2025-07-29 01:50:27.900680,57375.93851262922,-0.002769764707137856,0.033963219485090554
2025-07-30 01:50:27.900680,57529.43748930901,0.002675319666379128,0.0344214319317446
2025-07-31 01:50:27.900680,59508.69990110903,0.03440434146723281,0.03021061887994034
2025-08-01 01:50:27.900680,56619.224317717664,-0.04855551521362533,0.034284544701935496
2025-08-02 01:50:27.900680,59337.12056776196,0.04800306402632559,0.03379315926403905
2025-08-03 01:50:27.900680,59115.6002040403,-0.003733250983567471,0.03335094206463896
2025-08-04 01:50:27.900680,58421.759833506425,-0.011737009658009834,0.031528664127669005
2025-08-05 01:50:27.900680,56731.25475262005,-0.02893622317616018,0.033746305568625685
2025-08-06 01:50:27.900680,54037.57235179535,-0.04748145290582162,0.037876795690058966
2025-08-07 01:50:27.900680,55444.06675898864,0.026028082794629093,0.036406950691846254
2025-08-08 01:50:27.900680,55621.74630851976,0.003204663003950836,0.032158057038208794
2025-08-09 01:50:27.900680,53563.90453939927,-0.036997072290865574,0.025434061450162703
2025-08-10 01:50:27.900680,51574.27776599156,-0.037144916721749244,0.026256364462282494
2025-08-11 01:50:27.900680,51108.43306975058,-0.009032500626662388,0.026400708806193055
2025-08-12 01:50:27.900680,53786.373804099065,0.05239723805841878,0.03691079478771541
2025-08-13 01:50:27.900680,53422.52211649589,-0.0067647558641598105,0.03240168281833193
2025-08-14 01:50:27.900680,51118.07387904578,-0.04313626811600002,0.03325382863558974
2025-08-15 01:50:27.900680,50793.37024169639,-0.006352031927448931,0.03276276716917704
2025-08-16 01:50:27.900680,50429.89388698824,-0.007155980258419126,0.030923636842203745
2025-08-17 01:50:27.900680,46557.00764820555,-0.0767974298629639,0.03954574927095435
2025-08-18 01:50:27.900680,46527.739663873785,-0.0006286483133306486,0.039842281423986464
2025-08-19 01:50:27.900680,46252.737469285625,-0.0059104997701335815,0.02844557761297458
2025-08-20 01:50:27.900680,47276.19262770089,0.02212745049079312,0.032636607311325234
2025-08-21 01:50:27.900680,50022.63107493931,0.05809347780745733,0.04051692858727531
2025-08-22 01:50:27.900680,51793.90485297481,0.035409448483066486,0.04284159761649381
2025-08-23 01:50:27.900680,51429.18509335829,-0.007041750581498585,0.042836843230018566
2025-08-24 01:50:27.900680,49799.75366001147,-0.0316830109283075,0.030275637567233324
2025-08-25 01:50:27.900680,53850.453845800606,0.08133976351456917,0.03980717078060314
2025-08-26 01:50:27.900680,54000.18025154019,0.0027804112137721493,0.03892601119155642
2025-08-27 01:50:27.900680,54076.80026612324,0.0014188844227212005,0.03978123165801703
2025-08-28 01:50:27.900680,54091.74090443899,0.0002762855465232583,0.03642545740125429
2025-08-29 01:50:27.900680,54468.58173523497,0.0069666981408811335,0.034905720713505374
2025-08-30 01:50:27.900680,54287.458920591205,-0.003325271355956727,0.03467120141677576
2025-08-31 01:50:27.900680,53414.560693094805,-0.016079187437622156,0.03208044200991985
2025-09-01 01:50:27.900680,52597.97456934046,-0.015287706444806703,0.008985584254476797
2025-09-02 01:50:27.900680,52598.88988165735,1.740204493394515e-05,0.008729921484368077
2025-09-03 01:50:27.900680,51800.10993059697,-0.015186251133009865,0.00933697377752105
2025-09-04 01:50:27.900680,50754.83569408747,-0.02017899649074062,0.010176284351848312
2025-09-05 01:50:27.900680,50968.09276244263,0.0042017093630351,0.009482792986319339
2025-09-06 01:50:27.900680,50630.31402451041,-0.006627258734333674,0.009208078154026628
2025-09-07 01:50:27.900680,53020.05710786744,0.04719984715481207,0.022934766651087058
2025-09-08 01:50:27.900680,49015.72591729501,-0.07552483737287874,0.03653097684832452
2025-09-09 01:50:27.900680,50697.99630813948,0.034321033900079234,0.04013463560563474
2025-09-10 01:50:27.900680,52681.74205981502,0.03912868152852522,0.04288964390525636
2025-09-11 01:50:27.900680,49554.210803794325,-0.059366511693362156,0.04862627140061299
2025-09-12 01:50:27.900680,49096.44408319068,-0.009237695710988758,0.04858834570538115
2025-09-13 01:50:27.900680,48600.964882903936,-0.010091956954096148,0.048633618539146245
2025-09-14 01:50:27.900680,46638.11071638311,-0.04038714398469245,0.04408065089081718
2025-09-15 01:50:27.900680,45608.01792707264,-0.022086932199606113,0.036249950800868694
2025-09-16 01:50:27.900680,44157.6531996942,-0.03180065245759145,0.03112809328294161
2025-09-17 01:50:27.900680,46587.59811017118,0.05502885081976694,0.036246346689060335
2025-09-18 01:50:27.900680,47961.79337167316,0.029497018890140225,0.03438718843487738
2025-09-19 01:50:27.900680,49876.57109576127,0.03992298013649753,0.03800561937065379
2025-09-20 01:50:27.900680,51019.17473717551,0.02290862455681819,0.03817633153827323
2025-09-21 01:50:27.900680,49369.35976879724,-0.03233715513583402,0.03657826385728726
2025-09-22 01:50:27.900680,48647.20599130607,-0.014627570235326237,0.03562703041284742
2025-09-23 01:50:27.900680,49416.066939967575,0.015804832631064247,0.030543707490869956
2025-09-24 01:50:27.900680,47684.75660285653,-0.03503537299344983,0.030627020821823885
2025-09-25 01:50:27.900680,48764.45818623507,0.022642489136955435,0.029763408943649164
2025-09-26 01:50:27.900680,48462.58077303127,-0.006190521220412304,0.024865860367168664
2025-09-27 01:50:27.900680,47968.63431196813,-0.010192326805220753,0.02190370278114509
2025-09-28 01:50:27.900680,49051.7637969176,0.02257995251449607,0.021803595362781113
2025-09-29 01:50:27.900680,49759.6315505059,0.014431035681387483,0.021477533592050825
2025-09-30 01:50:27.900680,49272.940636713545,-0.009780838374945922,0.02119669132571181
2025-10-01 01:50:27.900680,51067.84041479856,0.03642769753318964,0.018696205695186607
2025-10-02 01:50:27.900680,49487.64552998504,-0.03094305284849297,0.02310239869272786
2025-10-03 01:50:27.900680,50461.01820051142,0.01966900344726641,0.023574964984392106
2025-10-04 01:50:27.900680,51418.30097140136,0.018970738305083223,0.02279484329979117
2025-10-05 01:50:27.900680,50993.98914815415,-0.008252155657247684,0.02298058932127738
2025-10-06 01:50:27.900680,51546.883697842495,0.010842347479072645,0.0227949411605598
2025-10-07 01:50:27.900680,49697.68483962728,-0.03587411547621089,0.027346623987344755
2025-10-08 01:50:27.900680,51145.73771983557,0.029137230132170178,0.02589728328222418
2025-10-09 01:50:27.900680,50913.702711145255,-0.004536741848584658,0.022213840892928917
2025-10-10 01:50:27.900680,50171.66400018516,-0.01457444011035669,0.022029694000316572
2025-10-11 01:50:27.900680,51827.48888462056,0.033003188501566916,0.024597507975165207
2025-10-12 01:50:27.900680,50794.61633140078,-0.019929048762504786,0.0257304217046017
2025-10-13 01:50:27.900680,48741.77827001258,-0.04041448109372081,0.029110394933881466
2025-10-14 01:50:27.900680,46564.4631631174,-0.044670407690782454,0.03068185042939383
2025-10-15 01:50:27.900680,47466.20364934645,0.019365422147576528,0.028831689769106304
2025-10-16 01:50:27.900680,45723.16558784082,-0.03672166567990587,0.030297592285118923
2025-10-17 01:50:27.900680,48242.91128257754,0.05510873235353575,0.040224297236399885
2025-10-18 01:50:27.900680,45367.2744635156,-0.05960744786354655,0.04090654997655817
2025-10-19 01:50:27.900680,47783.70631807993,0.0532637651950556,0.04893488186785762
2025-10-20 01:50:27.900680,48135.27293425245,0.007357458080632373,0.04689553439796062
2025-10-21 01:50:27.900680,48043.83580262562,-0.0018995868529035898,0.042844924383870435
2025-10-22 01:50:27.900680,47312.109022407865,-0.01523039882210575,0.0429427887218574
2025-10-23 01:50:27.900680,47929.9394977771,0.013058612015723448,0.0397916157967842
2025-10-24 01:50:27.900680,47923.75496600557,-0.00012903274730446945,0.03378578480441626
2025-10-25 01:50:27.900680,49586.0907638146,0.03468709409327797,0.023504132601013816
2025-10-26 01:50:27.900680,49806.08651377272,0.004436642344039399,0.015425883208525244
2025-10-27 01:50:27.900680,50081.22806512497,0.0055242555802121895,0.015415348713108325
2025-10-28 01:50:27.900680,49587.45519035074,-0.009859440230421956,0.01634183963092841
2025-10-29 01:50:27.900680,49552.34142681846,-0.0007081178777472719,0.014177116396301181
2025-10-30 01:50:27.900680,50062.06654665939,0.010286600091213183,0.01400812227900182
2025-10-31 01:50:27.900680,47605.9862444165,-0.04906070547354957,0.025366399775838242
2025-11-01 01:50:27.900680,45764.69544717936,-0.03867771560878219,0.02340298127313481
2025-11-02 01:50:27.900680,46843.43519335218,0.023571439417047646,0.02644671598358336
2025-11-03 01:50:27.900680,47131.27710518578,0.006144765230079452,0.026502216709785895
2025-11-04 01:50:27.900680,46918.74791863651,-0.004509302518473146,0.02652785929401699
2025-11-05 01:50:27.900680,46991.670188456446,0.0015542245489243989,0.026638865393725984
2025-11-06 01:50:27.900680,47531.7451675231,0.011492993905105386,0.02677472072854453
2025-11-07 01:50:27.900680,46815.06330941088,-0.01507796222474711,0.020154368973124285
2025-11-08 01:50:27.900680,45780.391898400776,-0.022101249851393612,0.015619722344085882
2025-11-09 01:50:27.900680,46096.232982236055,0.006899047184572238,0.012391186477287828
